transaction_id,account_id,customer_id,transaction_timestamp,transaction_type,amount,currency,merchant,transaction_status
TXN001,ACC001,CUST001,2026-09-01 10:15:00,DEBIT,2500.00,INR,Amazon,COMPLETED
TXN002,ACC001,CUST001,2026-09-01 14:20:00,CREDIT,15000.00,INR,Salary,COMPLETED
TXN003,ACC002,CUST002,2026-09-02 09:10:00,DEBIT,1800.50,INR,Flipkart,COMPLETED
TXN004,ACC003,CUST003,2026-09-02 18:30:00,DEBIT,4500.00,INR,Swiggy,COMPLETED
TXN005,ACC004,CUST004,2026-09-03 11:45:00,DEBIT,900.00,INR,Electricity,COMPLETED
TXN006,ACC005,CUST005,2026-09-03 15:00:00,CREDIT,25000.00,INR,Employer,COMPLETED
TXN007,ACC006,CUST001,2026-09-04 12:25:00,DEBIT,12000.00,INR,Travel Booking,COMPLETED
TXN008,ACC007,CUST003,2026-09-04 16:40:00,DEBIT,3200.75,INR,Shopping Mall,COMPLETED
TXN009,ACC008,CUST005,2026-09-05 19:10:00,DEBIT,7500.00,INR,Hotel,COMPLETED
TXN010,ACC001,CUST001,2026-09-05 20:15:00,DEBIT,850.00,INR,Netflix,COMPLETED
TXN011,ACC002,CUST002,2026-09-06 08:30:00,CREDIT,12000.00,INR,Employer,COMPLETED
TXN012,ACC003,CUST003,2026-09-06 13:45:00,DEBIT,2100.00,INR,Uber,COMPLETED